participant_id	age	sex	hand	weight	height	group	species	bci_experience
sub-1	n/a	n/a	n/a	n/a	n/a	healthy	homo sapiens	naive
sub-10	n/a	n/a	n/a	n/a	n/a	healthy	homo sapiens	naive
sub-11	n/a	n/a	n/a	n/a	n/a	healthy	homo sapiens	naive
sub-12	n/a	n/a	n/a	n/a	n/a	healthy	homo sapiens	naive
sub-2	n/a	n/a	n/a	n/a	n/a	healthy	homo sapiens	naive
sub-3	n/a	n/a	n/a	n/a	n/a	healthy	homo sapiens	naive
sub-4	n/a	n/a	n/a	n/a	n/a	healthy	homo sapiens	naive
sub-5	n/a	n/a	n/a	n/a	n/a	healthy	homo sapiens	naive
sub-6	n/a	n/a	n/a	n/a	n/a	healthy	homo sapiens	naive
sub-7	n/a	n/a	n/a	n/a	n/a	healthy	homo sapiens	naive
sub-8	n/a	n/a	n/a	n/a	n/a	healthy	homo sapiens	naive
sub-9	n/a	n/a	n/a	n/a	n/a	healthy	homo sapiens	naive
