onset	duration	trial_type	value	sample
18.516	4.0	right_hand	2	4629
28.02	4.0	right_hand	2	7005
38.528	4.0	right_hand	2	9632
48.016	4.0	left_hand	1	12004
59.524	4.0	right_hand	2	14881
70.024	4.0	right_hand	2	17506
80.52	4.0	right_hand	2	20130
91.048	4.0	right_hand	2	22762
102.532	4.0	left_hand	1	25633
114.016	4.0	left_hand	1	28504
125.512	4.0	left_hand	1	31378
135.016	4.0	left_hand	1	33754
146.516	4.0	right_hand	2	36629
158.02	4.0	left_hand	1	39505
168.524	4.0	right_hand	2	42131
178.016	4.0	left_hand	1	44504
187.528	4.0	right_hand	2	46882
197.016	4.0	left_hand	1	49254
207.536	4.0	right_hand	2	51884
217.012	4.0	left_hand	1	54253
226.52	4.0	right_hand	2	56630
238.016	4.0	left_hand	1	59504
248.524	4.0	right_hand	2	62131
258.024	4.0	left_hand	1	64506
267.54	4.0	right_hand	2	66885
277.028	4.0	left_hand	1	69257
287.52	4.0	right_hand	2	71880
298.016	4.0	left_hand	1	74504
308.52	4.0	right_hand	2	77130
319.02	4.0	left_hand	1	79755
329.524	4.0	right_hand	2	82381
339.016	4.0	left_hand	1	84754
349.52	4.0	left_hand	1	87380
360.016	4.0	left_hand	1	90004
370.532	4.0	left_hand	1	92633
380.016	4.0	right_hand	2	95004
390.54	4.0	left_hand	1	97635
402.02	4.0	right_hand	2	100505
413.528	4.0	right_hand	2	103382
424.024	4.0	left_hand	1	106006
